{
    "application": {
        "id": "",
        "title": "generated.app.saptranslate",
        "type": "SAP_UI5_Component",
        "componentUrl": "/webapp",
        "appUrl": "#saptranslate-Display",
        "navigationComponentName": "generated.app",
        "intentSemanticObject": "saptranslate",
        "intentAction": "Display",
        "html5ApplicationName": "saptranslate",
        "HCPParentApplicationName": ""
    },
    "assignment": {
        "groups": [
            "eef45066-0a3d-41e3-8590-af33bc1a6fce-1504095096752"
        ],
        "contentPackages": [
            "c2e3a299-51aa-45cd-aee2-27825285b0b7-1504095060007"
        ],
        "categories": []
    },
    "tile": {
        "type": "StaticTile",
        "title": "SAP Translate HU",
        "subtitle": "",
        "searchKeywords": "SAP Translate HU,",
        "displayIconUrl": "sap-icon://thing-type",
        "displayInfoText": "",
        "size": "1x1",
        "serviceURL": "",
        "refreshInterval": ""
    }
}